group,best_cv_rmse,n_estimators,max_depth,learning_rate,subsample,colsample_bytree,min_child_weight,reg_alpha,reg_lambda
Vegetables,0.03959182939959291,487,3,0.14193956244465203,0.6452507284744714,0.9886447746592159,6,0.008401205767807871,1.8160394230000707
Fish,0.04047003971315129,668,3,0.10995361146401261,0.7114061537265539,0.9997625913118795,7,0.0020411490948349055,0.6353720991989097
Meat,0.04613001390784612,717,3,0.14356737252405413,0.6227587785572807,0.9842185010150989,6,0.0001545948093615554,3.847478261363139
Rice,0.05085913669822613,454,3,0.13253376319746576,0.6510239286425399,0.950728459751432,9,0.0018362904926275453,0.6906337132338694
